{
  "LinearRegression": {
    "r2": 0.8542991388088371,
    "rmse": 97829.96309351419
  },
  "RandomForest": {
    "r2": 0.8969332794104541,
    "rmse": 82281.09433940197
  },
  "GradientBoosting": {
    "r2": 0.9068241535333333,
    "rmse": 78233.45381984285
  }
}